<?xml version="1.0" encoding="utf-8" ?> 
<description>
<domains>
  <domain name="NTFACSNE01" display="Document features" /> 
  </domains>
<group name="BackgroundColor" display="Background Colors" description="Background Colors">
  <variable name="Main" display="Layout background color" domain="NTFACSNE01" ruletype="DESCFILE_ITIFTRS" description="Layout background color" default="#F6F6F6" type="COLOR" example="#F6F6F6"/> 
  <variable name="Button" display="Button background color" domain="NTFACSNE01" ruletype="DESCFILE_ITIFTRS" description="Button background color" default="#677077" type="COLOR" example="#005EB8"/> 
  <variable name="Unsubscribe" display="Unsubscribe background color" domain="NTFACSNE01" ruletype="DESCFILE_ITIFTRS" description="Unsubscribe background color" default="#EAEAEA" type="COLOR" example="#EAEAEA"/> 
 </group>
<group name="TextColor" display="Text Colors" description="Text Colors">
  <variable name="Font" display="Font color" domain="NTFACSNE01" ruletype="DESCFILE_ITIFTRS" description="Font color" default="#39393A" type="COLOR" example="#39393A"/> 
  <variable name="ButtonText" display="Button Text color" domain="NTFACSNE01" ruletype="DESCFILE_ITIFTRS" description="Button Text color" default="#FFFFFF" type="COLOR" example="#FFFFFF"/>
  <variable name="TextHighlight" display="Text Highlight color" domain="NTFACSNE01" ruletype="DESCFILE_ITIFTRS" description="Text Highlight color" default="#39393A" type="COLOR" example="#1086D8"/>
 </group>
<group name="Display" display="Display indicators" description="Filter the corresponding data in the ACSN email document">
  <variable name="ViewItinerary" display="View itinerary" domain="NTFACSNE01" ruletype="DESCFILE_ITIFTRS" description="Display a CheckMyTrip link" default="TRUE" type="BOOLEAN" example="TRUE"/> 
  <variable name="SelectHotel" display="Enable Hotel select button" domain="NTFACSNE01" ruletype="DESCFILE_ITIFTRS" description="Display a button to allow the traveller to book the Hotel" default="FALSE" type="BOOLEAN" example="FALSE"/>   
  <variable name="BookTaxi" display="Enable Taxi book button" domain="NTFACSNE01" ruletype="DESCFILE_ITIFTRS" description="Display a button to allow the traveller to book the Taxi" default="FALSE" type="BOOLEAN" example="FALSE"/>     
  <variable name="AddBag" display="Enable Baggage book button" domain="NTFACSNE01" ruletype="DESCFILE_ITIFTRS" description="Display a button to allow the traveller to book the baggage" default="FALSE" type="BOOLEAN" example="FALSE"/> 
  <variable name="SelectSeat" display="Enable Seat select button" domain="NTFACSNE01" ruletype="DESCFILE_ITIFTRS" description="Display a button to allow the traveller to select the seat" default="FALSE" type="BOOLEAN" example="FALSE"/> 
  <variable name="UnsubscribeLink" display="Unsubscribe Link" domain="NTFACSNE01" ruletype="DESCFILE_ITIFTRS" description="Display a link to unsubscribe ACSN notification" default="TRUE" type="BOOLEAN" example="TRUE"/> 
</group>
</description>